file_name,classifier,accuracy,f-measure,confusionMatrixes
ada-10-disc.arff-su-0.5-lcc.arff,SVC,0.8386785628164939,0.6170578133943904,"[array([[592,  32],
       [ 99, 107]], dtype=int64), array([[583,  41],
       [106, 100]], dtype=int64), array([[593,  31],
       [ 97, 108]], dtype=int64), array([[586,  37],
       [ 94, 112]], dtype=int64), array([[585,  38],
       [ 94, 112]], dtype=int64)]"
ada-10-disc.arff-su-0.5-lcc.arff,naive_bayes,0.7619966240655895,0.6321282146850541,"[array([[379, 245],
       [ 21, 185]], dtype=int64), array([[489, 135],
       [ 43, 163]], dtype=int64), array([[452, 172],
       [ 37, 168]], dtype=int64), array([[496, 127],
       [ 39, 167]], dtype=int64), array([[496, 127],
       [ 41, 165]], dtype=int64)]"
ada-10-disc.arff-su-0.6-lcc.arff,SVC,0.8415722208825657,0.6423516603157322,"[array([[585,  39],
       [ 88, 118]], dtype=int64), array([[581,  43],
       [ 96, 110]], dtype=int64), array([[578,  46],
       [ 91, 114]], dtype=int64), array([[579,  44],
       [ 85, 121]], dtype=int64), array([[577,  46],
       [ 79, 127]], dtype=int64)]"
ada-10-disc.arff-su-0.6-lcc.arff,naive_bayes,0.7817699541837473,0.6313645621181263,"[array([[419, 205],
       [ 23, 183]], dtype=int64), array([[544,  80],
       [ 76, 130]], dtype=int64), array([[478, 146],
       [ 41, 164]], dtype=int64), array([[481, 142],
       [ 35, 171]], dtype=int64), array([[545,  78],
       [ 79, 127]], dtype=int64)]"
ada-10-disc.arff-su-0.7-lcc.arff,SVC,0.8461538461538461,0.6463414634146342,"[array([[594,  30],
       [ 89, 117]], dtype=int64), array([[583,  41],
       [ 96, 110]], dtype=int64), array([[581,  43],
       [ 85, 120]], dtype=int64), array([[589,  34],
       [ 94, 112]], dtype=int64), array([[579,  44],
       [ 82, 124]], dtype=int64)]"
ada-10-disc.arff-su-0.7-lcc.arff,naive_bayes,0.773571256329877,0.6367504835589942,"[array([[393, 231],
       [ 17, 189]], dtype=int64), array([[513, 111],
       [ 62, 144]], dtype=int64), array([[479, 145],
       [ 37, 168]], dtype=int64), array([[480, 143],
       [ 41, 165]], dtype=int64), array([[520, 103],
       [ 49, 157]], dtype=int64)]"
ada-10-disc.arff-su-0.8-lcc.arff,SVC,0.8468772606703642,0.6631299734748011,"[array([[584,  40],
       [ 87, 119]], dtype=int64), array([[571,  53],
       [ 85, 121]], dtype=int64), array([[579,  45],
       [ 83, 122]], dtype=int64), array([[578,  45],
       [ 77, 129]], dtype=int64), array([[575,  48],
       [ 72, 134]], dtype=int64)]"
ada-10-disc.arff-su-0.8-lcc.arff,naive_bayes,0.7569327224499638,0.6321167883211679,"[array([[413, 211],
       [ 19, 187]], dtype=int64), array([[492, 132],
       [ 51, 155]], dtype=int64), array([[390, 234],
       [ 17, 188]], dtype=int64), array([[475, 148],
       [ 34, 172]], dtype=int64), array([[503, 120],
       [ 42, 164]], dtype=int64)]"
ada-10-disc.arff-su-0.9-lcc.arff,SVC,0.8468772606703642,0.6673651126244107,"[array([[581,  43],
       [ 80, 126]], dtype=int64), array([[569,  55],
       [ 86, 120]], dtype=int64), array([[582,  42],
       [ 84, 121]], dtype=int64), array([[569,  54],
       [ 69, 137]], dtype=int64), array([[574,  49],
       [ 73, 133]], dtype=int64)]"
ada-10-disc.arff-su-0.9-lcc.arff,naive_bayes,0.7313720761996624,0.6205722070844687,"[array([[405, 219],
       [ 14, 192]], dtype=int64), array([[474, 150],
       [ 33, 173]], dtype=int64), array([[384, 240],
       [ 22, 183]], dtype=int64), array([[399, 224],
       [ 22, 184]], dtype=int64), array([[460, 163],
       [ 27, 179]], dtype=int64)]"
ada-10-disc.arff-su-1.0-lcc.arff,SVC,0.8468772606703642,0.6673651126244107,"[array([[581,  43],
       [ 80, 126]], dtype=int64), array([[569,  55],
       [ 86, 120]], dtype=int64), array([[582,  42],
       [ 84, 121]], dtype=int64), array([[569,  54],
       [ 69, 137]], dtype=int64), array([[574,  49],
       [ 73, 133]], dtype=int64)]"
ada-10-disc.arff-su-1.0-lcc.arff,naive_bayes,0.7313720761996624,0.6205722070844687,"[array([[405, 219],
       [ 14, 192]], dtype=int64), array([[474, 150],
       [ 33, 173]], dtype=int64), array([[384, 240],
       [ 22, 183]], dtype=int64), array([[399, 224],
       [ 22, 184]], dtype=int64), array([[460, 163],
       [ 27, 179]], dtype=int64)]"
arcene-10-disc.arff-su-0.5-lcc.arff,SVC,0.78,0.6666666666666666,"[array([[11,  0],
       [ 2,  7]], dtype=int64), array([[11,  0],
       [ 5,  4]], dtype=int64), array([[11,  0],
       [ 6,  3]], dtype=int64), array([[11,  0],
       [ 4,  5]], dtype=int64), array([[12,  0],
       [ 5,  3]], dtype=int64)]"
arcene-10-disc.arff-su-0.5-lcc.arff,naive_bayes,0.58,0.08695652173913043,"[array([[11,  0],
       [ 8,  1]], dtype=int64), array([[11,  0],
       [ 8,  1]], dtype=int64), array([[11,  0],
       [ 9,  0]], dtype=int64), array([[11,  0],
       [ 9,  0]], dtype=int64), array([[12,  0],
       [ 8,  0]], dtype=int64)]"
arcene-10-disc.arff-su-0.6-lcc.arff,SVC,0.82,0.7428571428571429,"[array([[11,  0],
       [ 1,  8]], dtype=int64), array([[11,  0],
       [ 4,  5]], dtype=int64), array([[11,  0],
       [ 5,  4]], dtype=int64), array([[11,  0],
       [ 4,  5]], dtype=int64), array([[12,  0],
       [ 4,  4]], dtype=int64)]"
arcene-10-disc.arff-su-0.6-lcc.arff,naive_bayes,0.62,0.24,"[array([[11,  0],
       [ 7,  2]], dtype=int64), array([[11,  0],
       [ 7,  2]], dtype=int64), array([[11,  0],
       [ 8,  1]], dtype=int64), array([[11,  0],
       [ 8,  1]], dtype=int64), array([[12,  0],
       [ 8,  0]], dtype=int64)]"
arcene-10-disc.arff-su-0.7-lcc.arff,SVC,0.86,0.8157894736842105,"[array([[11,  0],
       [ 1,  8]], dtype=int64), array([[11,  0],
       [ 2,  7]], dtype=int64), array([[10,  1],
       [ 5,  4]], dtype=int64), array([[11,  0],
       [ 2,  7]], dtype=int64), array([[12,  0],
       [ 3,  5]], dtype=int64)]"
arcene-10-disc.arff-su-0.7-lcc.arff,naive_bayes,0.67,0.42105263157894735,"[array([[11,  0],
       [ 5,  4]], dtype=int64), array([[11,  0],
       [ 5,  4]], dtype=int64), array([[10,  1],
       [ 8,  1]], dtype=int64), array([[11,  0],
       [ 7,  2]], dtype=int64), array([[12,  0],
       [ 7,  1]], dtype=int64)]"
arcene-10-disc.arff-su-0.8-lcc.arff,SVC,0.86,0.8333333333333334,"[array([[11,  0],
       [ 1,  8]], dtype=int64), array([[10,  1],
       [ 1,  8]], dtype=int64), array([[9, 2],
       [4, 5]], dtype=int64), array([[10,  1],
       [ 2,  7]], dtype=int64), array([[11,  1],
       [ 1,  7]], dtype=int64)]"
arcene-10-disc.arff-su-0.8-lcc.arff,naive_bayes,0.65,0.4067796610169492,"[array([[11,  0],
       [ 5,  4]], dtype=int64), array([[11,  0],
       [ 5,  4]], dtype=int64), array([[9, 2],
       [8, 1]], dtype=int64), array([[10,  1],
       [ 7,  2]], dtype=int64), array([[12,  0],
       [ 7,  1]], dtype=int64)]"
arcene-10-disc.arff-su-0.9-lcc.arff,SVC,0.88,0.8695652173913043,"[array([[11,  0],
       [ 1,  8]], dtype=int64), array([[8, 3],
       [0, 9]], dtype=int64), array([[10,  1],
       [ 2,  7]], dtype=int64), array([[10,  1],
       [ 1,  8]], dtype=int64), array([[9, 3],
       [0, 8]], dtype=int64)]"
arcene-10-disc.arff-su-0.9-lcc.arff,naive_bayes,0.66,0.45161290322580644,"[array([[11,  0],
       [ 5,  4]], dtype=int64), array([[10,  1],
       [ 5,  4]], dtype=int64), array([[10,  1],
       [ 7,  2]], dtype=int64), array([[10,  1],
       [ 7,  2]], dtype=int64), array([[11,  1],
       [ 6,  2]], dtype=int64)]"
arcene-10-disc.arff-su-1.0-lcc.arff,SVC,0.85,0.7945205479452054,"[array([[11,  0],
       [ 4,  5]], dtype=int64), array([[11,  0],
       [ 3,  6]], dtype=int64), array([[11,  0],
       [ 0,  9]], dtype=int64), array([[11,  0],
       [ 3,  6]], dtype=int64), array([[12,  0],
       [ 5,  3]], dtype=int64)]"
arcene-10-disc.arff-su-1.0-lcc.arff,naive_bayes,0.5,0.576271186440678,"[array([[4, 7],
       [4, 5]], dtype=int64), array([[ 1, 10],
       [ 2,  7]], dtype=int64), array([[3, 8],
       [0, 9]], dtype=int64), array([[5, 6],
       [2, 7]], dtype=int64), array([[3, 9],
       [2, 6]], dtype=int64)]"
dexter-10-disc.arff-su-0.5-lcc.arff,SVC,0.75,0.8,"[array([[19, 11],
       [ 0, 30]], dtype=int64), array([[11, 19],
       [ 0, 30]], dtype=int64), array([[17, 13],
       [ 0, 30]], dtype=int64), array([[14, 16],
       [ 0, 30]], dtype=int64), array([[14, 16],
       [ 0, 30]], dtype=int64)]"
dexter-10-disc.arff-su-0.5-lcc.arff,naive_bayes,0.5,0.6666666666666666,"[array([[ 0, 30],
       [ 0, 30]], dtype=int64), array([[ 0, 30],
       [ 0, 30]], dtype=int64), array([[ 0, 30],
       [ 0, 30]], dtype=int64), array([[ 0, 30],
       [ 0, 30]], dtype=int64), array([[ 0, 30],
       [ 0, 30]], dtype=int64)]"
dexter-10-disc.arff-su-0.6-lcc.arff,SVC,0.8,0.8333333333333334,"[array([[22,  8],
       [ 0, 30]], dtype=int64), array([[17, 13],
       [ 0, 30]], dtype=int64), array([[20, 10],
       [ 0, 30]], dtype=int64), array([[16, 14],
       [ 0, 30]], dtype=int64), array([[15, 15],
       [ 0, 30]], dtype=int64)]"
dexter-10-disc.arff-su-0.6-lcc.arff,naive_bayes,0.5,0.6666666666666666,"[array([[ 0, 30],
       [ 0, 30]], dtype=int64), array([[ 0, 30],
       [ 0, 30]], dtype=int64), array([[ 0, 30],
       [ 0, 30]], dtype=int64), array([[ 0, 30],
       [ 0, 30]], dtype=int64), array([[ 0, 30],
       [ 0, 30]], dtype=int64)]"
dexter-10-disc.arff-su-0.7-lcc.arff,SVC,0.85,0.8695652173913043,"[array([[26,  4],
       [ 0, 30]], dtype=int64), array([[20, 10],
       [ 0, 30]], dtype=int64), array([[22,  8],
       [ 0, 30]], dtype=int64), array([[19, 11],
       [ 0, 30]], dtype=int64), array([[18, 12],
       [ 0, 30]], dtype=int64)]"
dexter-10-disc.arff-su-0.7-lcc.arff,naive_bayes,0.5,0.6666666666666666,"[array([[ 0, 30],
       [ 0, 30]], dtype=int64), array([[ 0, 30],
       [ 0, 30]], dtype=int64), array([[ 0, 30],
       [ 0, 30]], dtype=int64), array([[ 0, 30],
       [ 0, 30]], dtype=int64), array([[ 0, 30],
       [ 0, 30]], dtype=int64)]"
dexter-10-disc.arff-su-0.8-lcc.arff,SVC,0.9,0.9090909090909091,"[array([[27,  3],
       [ 0, 30]], dtype=int64), array([[23,  7],
       [ 0, 30]], dtype=int64), array([[24,  6],
       [ 0, 30]], dtype=int64), array([[24,  6],
       [ 0, 30]], dtype=int64), array([[22,  8],
       [ 0, 30]], dtype=int64)]"
dexter-10-disc.arff-su-0.8-lcc.arff,naive_bayes,0.5,0.6666666666666666,"[array([[ 0, 30],
       [ 0, 30]], dtype=int64), array([[ 0, 30],
       [ 0, 30]], dtype=int64), array([[ 0, 30],
       [ 0, 30]], dtype=int64), array([[ 0, 30],
       [ 0, 30]], dtype=int64), array([[ 0, 30],
       [ 0, 30]], dtype=int64)]"
dexter-10-disc.arff-su-0.9-lcc.arff,SVC,0.95,0.9523809523809523,"[array([[29,  1],
       [ 0, 30]], dtype=int64), array([[27,  3],
       [ 0, 30]], dtype=int64), array([[27,  3],
       [ 0, 30]], dtype=int64), array([[26,  4],
       [ 0, 30]], dtype=int64), array([[26,  4],
       [ 0, 30]], dtype=int64)]"
dexter-10-disc.arff-su-0.9-lcc.arff,naive_bayes,0.5,0.6666666666666666,"[array([[ 0, 30],
       [ 0, 30]], dtype=int64), array([[ 0, 30],
       [ 0, 30]], dtype=int64), array([[ 0, 30],
       [ 0, 30]], dtype=int64), array([[ 0, 30],
       [ 0, 30]], dtype=int64), array([[ 0, 30],
       [ 0, 30]], dtype=int64)]"
dexter-10-disc.arff-su-1.0-lcc.arff,SVC,1.0,1.0,"[array([[30,  0],
       [ 0, 30]], dtype=int64), array([[30,  0],
       [ 0, 30]], dtype=int64), array([[30,  0],
       [ 0, 30]], dtype=int64), array([[30,  0],
       [ 0, 30]], dtype=int64), array([[30,  0],
       [ 0, 30]], dtype=int64)]"
dexter-10-disc.arff-su-1.0-lcc.arff,naive_bayes,0.5,0.6666666666666666,"[array([[ 0, 30],
       [ 0, 30]], dtype=int64), array([[ 0, 30],
       [ 0, 30]], dtype=int64), array([[ 0, 30],
       [ 0, 30]], dtype=int64), array([[ 0, 30],
       [ 0, 30]], dtype=int64), array([[ 0, 30],
       [ 0, 30]], dtype=int64)]"
dorothea.sparse.arff-su-0.5-lcc.arff,SVC,0.9425,0.6933333333333334,"[array([[135,  10],
       [  3,  12]], dtype=int64), array([[142,   3],
       [  3,  12]], dtype=int64), array([[141,   3],
       [  7,   9]], dtype=int64), array([[142,   2],
       [ 10,   6]], dtype=int64), array([[142,   2],
       [  3,  13]], dtype=int64)]"
dorothea.sparse.arff-su-0.5-lcc.arff,naive_bayes,0.94125,0.6967741935483871,"[array([[135,  10],
       [  3,  12]], dtype=int64), array([[141,   4],
       [  2,  13]], dtype=int64), array([[140,   4],
       [  7,   9]], dtype=int64), array([[141,   3],
       [  9,   7]], dtype=int64), array([[142,   2],
       [  3,  13]], dtype=int64)]"
dorothea.sparse.arff-su-0.6-lcc.arff,SVC,0.94,0.6571428571428571,"[array([[139,   6],
       [  3,  12]], dtype=int64), array([[141,   4],
       [  3,  12]], dtype=int64), array([[142,   2],
       [ 10,   6]], dtype=int64), array([[142,   2],
       [ 13,   3]], dtype=int64), array([[142,   2],
       [  3,  13]], dtype=int64)]"
dorothea.sparse.arff-su-0.6-lcc.arff,naive_bayes,0.9425,0.7051282051282052,"[array([[135,  10],
       [  3,  12]], dtype=int64), array([[141,   4],
       [  2,  13]], dtype=int64), array([[140,   4],
       [  6,  10]], dtype=int64), array([[141,   3],
       [  9,   7]], dtype=int64), array([[142,   2],
       [  3,  13]], dtype=int64)]"
dorothea.sparse.arff-su-0.7-lcc.arff,SVC,0.94,0.6842105263157895,"[array([[136,   9],
       [  3,  12]], dtype=int64), array([[142,   3],
       [  4,  11]], dtype=int64), array([[139,   5],
       [  6,  10]], dtype=int64), array([[140,   4],
       [  9,   7]], dtype=int64), array([[143,   1],
       [  4,  12]], dtype=int64)]"
dorothea.sparse.arff-su-0.7-lcc.arff,naive_bayes,0.9425,0.7088607594936709,"[array([[136,   9],
       [  3,  12]], dtype=int64), array([[142,   3],
       [  2,  13]], dtype=int64), array([[139,   5],
       [  6,  10]], dtype=int64), array([[140,   4],
       [  8,   8]], dtype=int64), array([[141,   3],
       [  3,  13]], dtype=int64)]"
dorothea.sparse.arff-su-0.8-lcc.arff,SVC,0.94875,0.7484662576687117,"[array([[136,   9],
       [  3,  12]], dtype=int64), array([[142,   3],
       [  3,  12]], dtype=int64), array([[139,   5],
       [  4,  12]], dtype=int64), array([[140,   4],
       [  6,  10]], dtype=int64), array([[141,   3],
       [  1,  15]], dtype=int64)]"
dorothea.sparse.arff-su-0.8-lcc.arff,naive_bayes,0.9525,0.7625,"[array([[136,   9],
       [  3,  12]], dtype=int64), array([[142,   3],
       [  2,  13]], dtype=int64), array([[141,   3],
       [  4,  12]], dtype=int64), array([[140,   4],
       [  6,  10]], dtype=int64), array([[142,   2],
       [  2,  14]], dtype=int64)]"
dorothea.sparse.arff-su-0.9-lcc.arff,SVC,0.95875,0.8070175438596491,"[array([[136,   9],
       [  1,  14]], dtype=int64), array([[142,   3],
       [  2,  13]], dtype=int64), array([[139,   5],
       [  1,  15]], dtype=int64), array([[140,   4],
       [  4,  12]], dtype=int64), array([[141,   3],
       [  1,  15]], dtype=int64)]"
dorothea.sparse.arff-su-0.9-lcc.arff,naive_bayes,0.9625,0.8125,"[array([[138,   7],
       [  1,  14]], dtype=int64), array([[142,   3],
       [  2,  13]], dtype=int64), array([[142,   2],
       [  4,  12]], dtype=int64), array([[141,   3],
       [  4,  12]], dtype=int64), array([[142,   2],
       [  2,  14]], dtype=int64)]"
dorothea.sparse.arff-su-1.0-lcc.arff,SVC,0.96875,0.8603351955307262,"[array([[136,   9],
       [  0,  15]], dtype=int64), array([[142,   3],
       [  1,  14]], dtype=int64), array([[139,   5],
       [  0,  16]], dtype=int64), array([[140,   4],
       [  0,  16]], dtype=int64), array([[141,   3],
       [  0,  16]], dtype=int64)]"
dorothea.sparse.arff-su-1.0-lcc.arff,naive_bayes,0.97375,0.8695652173913043,"[array([[139,   6],
       [  1,  14]], dtype=int64), array([[143,   2],
       [  2,  13]], dtype=int64), array([[142,   2],
       [  2,  14]], dtype=int64), array([[142,   2],
       [  0,  16]], dtype=int64), array([[143,   1],
       [  3,  13]], dtype=int64)]"
gina-10-disc.arff-su-0.5-lcc.arff,SVC,0.6454170631144941,0.4625,"[array([[314,   7],
       [207, 103]], dtype=int64), array([[300,  21],
       [203, 107]], dtype=int64), array([[315,   6],
       [220,  90]], dtype=int64), array([[313,   7],
       [218,  92]], dtype=int64), array([[312,   8],
       [221,  89]], dtype=int64)]"
gina-10-disc.arff-su-0.5-lcc.arff,naive_bayes,0.6327307326355851,0.4830357142857143,"[array([[296,  25],
       [193, 117]], dtype=int64), array([[285,  36],
       [196, 114]], dtype=int64), array([[285,  36],
       [204, 106]], dtype=int64), array([[294,  26],
       [206, 104]], dtype=int64), array([[294,  26],
       [210, 100]], dtype=int64)]"
gina-10-disc.arff-su-0.6-lcc.arff,SVC,0.6619092927370758,0.5357142857142857,"[array([[309,  12],
       [189, 121]], dtype=int64), array([[277,  44],
       [176, 134]], dtype=int64), array([[304,  17],
       [192, 118]], dtype=int64), array([[283,  37],
       [179, 131]], dtype=int64), array([[299,  21],
       [199, 111]], dtype=int64)]"
gina-10-disc.arff-su-0.6-lcc.arff,naive_bayes,0.6447827465905487,0.5234042553191489,"[array([[289,  32],
       [174, 136]], dtype=int64), array([[283,  38],
       [186, 124]], dtype=int64), array([[280,  41],
       [192, 118]], dtype=int64), array([[283,  37],
       [184, 126]], dtype=int64), array([[283,  37],
       [199, 111]], dtype=int64)]"
gina-10-disc.arff-su-0.7-lcc.arff,SVC,0.6799873136695211,0.5730004231908591,"[array([[300,  21],
       [170, 140]], dtype=int64), array([[296,  25],
       [181, 129]], dtype=int64), array([[272,  49],
       [157, 153]], dtype=int64), array([[306,  14],
       [188, 122]], dtype=int64), array([[293,  27],
       [177, 133]], dtype=int64)]"
gina-10-disc.arff-su-0.7-lcc.arff,naive_bayes,0.6653980336187758,0.5613305613305614,"[array([[297,  24],
       [172, 138]], dtype=int64), array([[278,  43],
       [176, 134]], dtype=int64), array([[280,  41],
       [177, 133]], dtype=int64), array([[284,  36],
       [174, 136]], dtype=int64), array([[284,  36],
       [176, 134]], dtype=int64)]"
gina-10-disc.arff-su-0.8-lcc.arff,SVC,0.7164605137963844,0.6438247011952192,"[array([[294,  27],
       [143, 167]], dtype=int64), array([[297,  24],
       [158, 152]], dtype=int64), array([[290,  31],
       [151, 159]], dtype=int64), array([[273,  47],
       [134, 176]], dtype=int64), array([[297,  23],
       [156, 154]], dtype=int64)]"
gina-10-disc.arff-su-0.8-lcc.arff,naive_bayes,0.6986996511259118,0.6265723270440252,"[array([[289,  32],
       [138, 172]], dtype=int64), array([[277,  44],
       [154, 156]], dtype=int64), array([[279,  42],
       [160, 150]], dtype=int64), array([[282,  38],
       [150, 160]], dtype=int64), array([[279,  41],
       [151, 159]], dtype=int64)]"
gina-10-disc.arff-su-0.9-lcc.arff,SVC,0.7358071677767206,0.6829082603730491,"[array([[291,  30],
       [123, 187]], dtype=int64), array([[281,  40],
       [130, 180]], dtype=int64), array([[283,  38],
       [136, 174]], dtype=int64), array([[279,  41],
       [131, 179]], dtype=int64), array([[289,  31],
       [133, 177]], dtype=int64)]"
gina-10-disc.arff-su-0.9-lcc.arff,naive_bayes,0.6888677450047573,0.6178418387222439,"[array([[274,  47],
       [142, 168]], dtype=int64), array([[278,  43],
       [145, 165]], dtype=int64), array([[275,  46],
       [161, 149]], dtype=int64), array([[281,  39],
       [150, 160]], dtype=int64), array([[271,  49],
       [159, 151]], dtype=int64)]"
gina-10-disc.arff-su-1.0-lcc.arff,SVC,0.7947986045036474,0.7789545609839426,"[array([[266,  55],
       [ 83, 227]], dtype=int64), array([[273,  48],
       [ 81, 229]], dtype=int64), array([[276,  45],
       [ 80, 230]], dtype=int64), array([[265,  55],
       [ 75, 235]], dtype=int64), array([[286,  34],
       [ 91, 219]], dtype=int64)]"
gina-10-disc.arff-su-1.0-lcc.arff,naive_bayes,0.6498572787821123,0.7060702875399361,"[array([[204, 117],
       [ 56, 254]], dtype=int64), array([[130, 191],
       [ 34, 276]], dtype=int64), array([[136, 185],
       [ 47, 263]], dtype=int64), array([[121, 199],
       [ 41, 269]], dtype=int64), array([[132, 188],
       [ 46, 264]], dtype=int64)]"
hiva.arff-su-0.5-lcc.arff,SVC,0.9669700910273082,0.20125786163522014,"[array([[742,   0],
       [ 21,   6]], dtype=int64), array([[740,   2],
       [ 25,   2]], dtype=int64), array([[739,   3],
       [ 23,   4]], dtype=int64), array([[739,   3],
       [ 24,   3]], dtype=int64), array([[742,   0],
       [ 26,   1]], dtype=int64)]"
hiva.arff-su-0.5-lcc.arff,naive_bayes,0.8382314694408323,0.20051413881748073,"[array([[648,  94],
       [  9,  18]], dtype=int64), array([[617, 125],
       [ 12,  15]], dtype=int64), array([[650,  92],
       [ 13,  14]], dtype=int64), array([[589, 153],
       [ 13,  14]], dtype=int64), array([[641, 101],
       [ 10,  17]], dtype=int64)]"
hiva.arff-su-0.6-lcc.arff,SVC,0.9674902470741222,0.2138364779874214,"[array([[740,   2],
       [ 21,   6]], dtype=int64), array([[742,   0],
       [ 26,   1]], dtype=int64), array([[739,   3],
       [ 23,   4]], dtype=int64), array([[741,   1],
       [ 23,   4]], dtype=int64), array([[741,   1],
       [ 25,   2]], dtype=int64)]"
hiva.arff-su-0.6-lcc.arff,naive_bayes,0.7945383615084526,0.17708333333333334,"[array([[592, 150],
       [ 11,  16]], dtype=int64), array([[594, 148],
       [  8,  19]], dtype=int64), array([[622, 120],
       [ 13,  14]], dtype=int64), array([[541, 201],
       [ 10,  17]], dtype=int64), array([[621, 121],
       [  8,  19]], dtype=int64)]"
hiva.arff-su-0.7-lcc.arff,SVC,0.9685305591677503,0.28402366863905326,"[array([[740,   2],
       [ 19,   8]], dtype=int64), array([[741,   1],
       [ 24,   3]], dtype=int64), array([[737,   5],
       [ 24,   3]], dtype=int64), array([[741,   1],
       [ 24,   3]], dtype=int64), array([[741,   1],
       [ 20,   7]], dtype=int64)]"
hiva.arff-su-0.7-lcc.arff,naive_bayes,0.7053315994798439,0.14231642694928084,"[array([[476, 266],
       [ 10,  17]], dtype=int64), array([[549, 193],
       [  5,  22]], dtype=int64), array([[465, 277],
       [ 10,  17]], dtype=int64), array([[512, 230],
       [  8,  19]], dtype=int64), array([[616, 126],
       [  8,  19]], dtype=int64)]"
hiva.arff-su-0.8-lcc.arff,SVC,0.9674902470741222,0.2138364779874214,"[array([[739,   3],
       [ 20,   7]], dtype=int64), array([[741,   1],
       [ 23,   4]], dtype=int64), array([[741,   1],
       [ 26,   1]], dtype=int64), array([[740,   2],
       [ 26,   1]], dtype=int64), array([[742,   0],
       [ 23,   4]], dtype=int64)]"
hiva.arff-su-0.8-lcc.arff,naive_bayes,0.6782834850455136,0.13314646110721795,"[array([[428, 314],
       [  9,  18]], dtype=int64), array([[552, 190],
       [  7,  20]], dtype=int64), array([[476, 266],
       [  8,  19]], dtype=int64), array([[501, 241],
       [  8,  19]], dtype=int64), array([[556, 186],
       [  8,  19]], dtype=int64)]"
hiva.arff-su-0.9-lcc.arff,SVC,0.9677503250975292,0.24390243902439024,"[array([[738,   4],
       [ 20,   7]], dtype=int64), array([[742,   0],
       [ 24,   3]], dtype=int64), array([[740,   2],
       [ 25,   2]], dtype=int64), array([[740,   2],
       [ 24,   3]], dtype=int64), array([[741,   1],
       [ 22,   5]], dtype=int64)]"
hiva.arff-su-0.9-lcc.arff,naive_bayes,0.2514954486345904,0.07578676942838793,"[array([[ 95, 647],
       [  6,  21]], dtype=int64), array([[373, 369],
       [  2,  25]], dtype=int64), array([[109, 633],
       [  3,  24]], dtype=int64), array([[110, 632],
       [  3,  24]], dtype=int64), array([[162, 580],
       [  3,  24]], dtype=int64)]"
hiva.arff-su-1.0-lcc.arff,SVC,0.9687906371911573,0.34065934065934067,"[array([[733,   9],
       [ 18,   9]], dtype=int64), array([[739,   3],
       [ 21,   6]], dtype=int64), array([[739,   3],
       [ 25,   2]], dtype=int64), array([[742,   0],
       [ 19,   8]], dtype=int64), array([[741,   1],
       [ 21,   6]], dtype=int64)]"
hiva.arff-su-1.0-lcc.arff,naive_bayes,0.7544863459037712,0.12104283054003724,"[array([[588, 154],
       [ 13,  14]], dtype=int64), array([[609, 133],
       [ 15,  12]], dtype=int64), array([[634, 108],
       [ 17,  10]], dtype=int64), array([[558, 184],
       [ 12,  15]], dtype=int64), array([[447, 295],
       [ 13,  14]], dtype=int64)]"
kr-vs-kp.arff-su-0.5-lcc.arff,SVC,0.7596996245306633,0.8129566488066244,"[array([[152, 154],
       [  0, 334]], dtype=int64), array([[146, 159],
       [  0, 334]], dtype=int64), array([[143, 162],
       [  0, 334]], dtype=int64), array([[162, 143],
       [  0, 334]], dtype=int64), array([[156, 150],
       [  0, 333]], dtype=int64)]"
kr-vs-kp.arff-su-0.5-lcc.arff,naive_bayes,0.6379849812265331,0.583363341735686,"[array([[306,   0],
       [216, 118]], dtype=int64), array([[  7, 298],
       [  2, 332]], dtype=int64), array([[305,   0],
       [205, 129]], dtype=int64), array([[305,   0],
       [220, 114]], dtype=int64), array([[306,   0],
       [216, 117]], dtype=int64)]"
kr-vs-kp.arff-su-0.6-lcc.arff,SVC,0.814142678347935,0.8484693877551021,"[array([[181, 125],
       [  5, 329]], dtype=int64), array([[183, 122],
       [  1, 333]], dtype=int64), array([[176, 129],
       [  0, 334]], dtype=int64), array([[198, 107],
       [  0, 334]], dtype=int64), array([[201, 105],
       [  0, 333]], dtype=int64)]"
kr-vs-kp.arff-su-0.6-lcc.arff,naive_bayes,0.6605131414267835,0.5184198845983133,"[array([[306,   0],
       [216, 118]], dtype=int64), array([[305,   0],
       [228, 106]], dtype=int64), array([[305,   0],
       [205, 129]], dtype=int64), array([[305,   0],
       [220, 114]], dtype=int64), array([[306,   0],
       [216, 117]], dtype=int64)]"
kr-vs-kp.arff-su-0.7-lcc.arff,SVC,0.9042553191489362,0.9138513513513513,"[array([[256,  50],
       [ 16, 318]], dtype=int64), array([[251,  54],
       [  9, 325]], dtype=int64), array([[255,  50],
       [  9, 325]], dtype=int64), array([[251,  54],
       [  8, 326]], dtype=int64), array([[254,  52],
       [  4, 329]], dtype=int64)]"
kr-vs-kp.arff-su-0.7-lcc.arff,naive_bayes,0.6605131414267835,0.5184198845983133,"[array([[306,   0],
       [216, 118]], dtype=int64), array([[305,   0],
       [228, 106]], dtype=int64), array([[305,   0],
       [205, 129]], dtype=int64), array([[305,   0],
       [220, 114]], dtype=int64), array([[306,   0],
       [216, 117]], dtype=int64)]"
kr-vs-kp.arff-su-0.8-lcc.arff,SVC,0.9042553191489362,0.9138513513513513,"[array([[256,  50],
       [ 16, 318]], dtype=int64), array([[251,  54],
       [  9, 325]], dtype=int64), array([[255,  50],
       [  9, 325]], dtype=int64), array([[251,  54],
       [  8, 326]], dtype=int64), array([[254,  52],
       [  4, 329]], dtype=int64)]"
kr-vs-kp.arff-su-0.8-lcc.arff,naive_bayes,0.6605131414267835,0.5184198845983133,"[array([[306,   0],
       [216, 118]], dtype=int64), array([[305,   0],
       [228, 106]], dtype=int64), array([[305,   0],
       [205, 129]], dtype=int64), array([[305,   0],
       [220, 114]], dtype=int64), array([[306,   0],
       [216, 117]], dtype=int64)]"
kr-vs-kp.arff-su-0.9-lcc.arff,SVC,0.9443053817271589,0.9475235849056604,"[array([[287,  19],
       [ 24, 310]], dtype=int64), array([[280,  25],
       [  9, 325]], dtype=int64), array([[281,  24],
       [ 14, 320]], dtype=int64), array([[277,  28],
       [  8, 326]], dtype=int64), array([[286,  20],
       [  7, 326]], dtype=int64)]"
kr-vs-kp.arff-su-0.9-lcc.arff,naive_bayes,0.6501877346683355,0.7460245343025897,"[array([[207,  99],
       [ 24, 310]], dtype=int64), array([[ 48, 257],
       [  3, 331]], dtype=int64), array([[ 53, 252],
       [  0, 334]], dtype=int64), array([[ 63, 242],
       [  0, 334]], dtype=int64), array([[ 65, 241],
       [  0, 333]], dtype=int64)]"
kr-vs-kp.arff-su-1.0-lcc.arff,SVC,0.9912390488110138,0.9916117435590174,"[array([[304,   2],
       [  3, 331]], dtype=int64), array([[301,   4],
       [  5, 329]], dtype=int64), array([[300,   5],
       [  0, 334]], dtype=int64), array([[302,   3],
       [  4, 330]], dtype=int64), array([[306,   0],
       [  2, 331]], dtype=int64)]"
kr-vs-kp.arff-su-1.0-lcc.arff,naive_bayes,0.77909887359199,0.7936879018118059,"[array([[304,   2],
       [208, 126]], dtype=int64), array([[ 83, 222],
       [ 14, 320]], dtype=int64), array([[230,  75],
       [ 30, 304]], dtype=int64), array([[251,  54],
       [ 30, 304]], dtype=int64), array([[264,  42],
       [ 29, 304]], dtype=int64)]"
madelon-10-disc.arff-su-0.5-lcc.arff,SVC,0.495,0.4914400805639476,"[array([[110,  90],
       [106,  94]], dtype=int64), array([[102,  98],
       [ 96, 104]], dtype=int64), array([[ 96, 104],
       [100, 100]], dtype=int64), array([[103,  97],
       [102,  98]], dtype=int64), array([[ 91, 109],
       [108,  92]], dtype=int64)]"
madelon-10-disc.arff-su-0.5-lcc.arff,naive_bayes,0.5015,0.6644227532817233,"[array([[  4, 196],
       [  2, 198]], dtype=int64), array([[  1, 199],
       [  0, 200]], dtype=int64), array([[  6, 194],
       [  2, 198]], dtype=int64), array([[  3, 197],
       [  3, 197]], dtype=int64), array([[  2, 198],
       [  6, 194]], dtype=int64)]"
madelon-10-disc.arff-su-0.6-lcc.arff,SVC,0.488,0.4770173646578141,"[array([[110,  90],
       [106,  94]], dtype=int64), array([[ 98, 102],
       [ 95, 105]], dtype=int64), array([[ 96, 104],
       [107,  93]], dtype=int64), array([[104,  96],
       [104,  96]], dtype=int64), array([[101,  99],
       [121,  79]], dtype=int64)]"
madelon-10-disc.arff-su-0.6-lcc.arff,naive_bayes,0.5015,0.6596107886650734,"[array([[ 11, 189],
       [  6, 194]], dtype=int64), array([[  9, 191],
       [  7, 193]], dtype=int64), array([[ 12, 188],
       [  8, 192]], dtype=int64), array([[  3, 197],
       [  7, 193]], dtype=int64), array([[  2, 198],
       [  6, 194]], dtype=int64)]"
madelon-10-disc.arff-su-0.7-lcc.arff,SVC,0.488,0.4770173646578141,"[array([[110,  90],
       [106,  94]], dtype=int64), array([[ 98, 102],
       [ 95, 105]], dtype=int64), array([[ 96, 104],
       [107,  93]], dtype=int64), array([[104,  96],
       [104,  96]], dtype=int64), array([[101,  99],
       [121,  79]], dtype=int64)]"
madelon-10-disc.arff-su-0.7-lcc.arff,naive_bayes,0.5015,0.6596107886650734,"[array([[ 11, 189],
       [  6, 194]], dtype=int64), array([[  9, 191],
       [  7, 193]], dtype=int64), array([[ 12, 188],
       [  8, 192]], dtype=int64), array([[  3, 197],
       [  7, 193]], dtype=int64), array([[  2, 198],
       [  6, 194]], dtype=int64)]"
madelon-10-disc.arff-su-0.8-lcc.arff,SVC,0.481,0.47628657921291623,"[array([[106,  94],
       [106,  94]], dtype=int64), array([[ 86, 114],
       [ 95, 105]], dtype=int64), array([[108,  92],
       [111,  89]], dtype=int64), array([[100, 100],
       [ 99, 101]], dtype=int64), array([[ 90, 110],
       [117,  83]], dtype=int64)]"
madelon-10-disc.arff-su-0.8-lcc.arff,naive_bayes,0.4995,0.4858757062146893,"[array([[191,   9],
       [194,   6]], dtype=int64), array([[  9, 191],
       [  7, 193]], dtype=int64), array([[176,  24],
       [166,  34]], dtype=int64), array([[147,  53],
       [152,  48]], dtype=int64), array([[  3, 197],
       [  8, 192]], dtype=int64)]"
madelon-10-disc.arff-su-0.9-lcc.arff,SVC,0.473,0.32951653944020354,"[array([[115,  85],
       [135,  65]], dtype=int64), array([[183,  17],
       [193,   7]], dtype=int64), array([[ 98, 102],
       [108,  92]], dtype=int64), array([[172,  28],
       [182,  18]], dtype=int64), array([[119,  81],
       [123,  77]], dtype=int64)]"
madelon-10-disc.arff-su-0.9-lcc.arff,naive_bayes,0.5005,0.6589279617616934,"[array([[ 15, 185],
       [ 12, 188]], dtype=int64), array([[  3, 197],
       [  0, 200]], dtype=int64), array([[ 11, 189],
       [ 10, 190]], dtype=int64), array([[  4, 196],
       [  7, 193]], dtype=int64), array([[  3, 197],
       [  6, 194]], dtype=int64)]"
madelon-10-disc.arff-su-1.0-lcc.arff,SVC,0.5615,0.5327650506126798,"[array([[112,  88],
       [ 96, 104]], dtype=int64), array([[137,  63],
       [ 94, 106]], dtype=int64), array([[132,  68],
       [ 98, 102]], dtype=int64), array([[118,  82],
       [107,  93]], dtype=int64), array([[124,  76],
       [105,  95]], dtype=int64)]"
madelon-10-disc.arff-su-1.0-lcc.arff,naive_bayes,0.4975,0.6596681341009143,"[array([[  4, 196],
       [  2, 198]], dtype=int64), array([[  3, 197],
       [  3, 197]], dtype=int64), array([[  7, 193],
       [  6, 194]], dtype=int64), array([[  3, 197],
       [  8, 192]], dtype=int64), array([[  4, 196],
       [  7, 193]], dtype=int64)]"
mushroom.arff-su-0.5-lcc.arff,SVC,1.0,1.0,"[array([[842,   0],
       [  0, 784]], dtype=int64), array([[842,   0],
       [  0, 783]], dtype=int64), array([[842,   0],
       [  0, 783]], dtype=int64), array([[841,   0],
       [  0, 783]], dtype=int64), array([[841,   0],
       [  0, 783]], dtype=int64)]"
mushroom.arff-su-0.5-lcc.arff,naive_bayes,1.0,1.0,"[array([[842,   0],
       [  0, 784]], dtype=int64), array([[842,   0],
       [  0, 783]], dtype=int64), array([[842,   0],
       [  0, 783]], dtype=int64), array([[841,   0],
       [  0, 783]], dtype=int64), array([[841,   0],
       [  0, 783]], dtype=int64)]"
mushroom.arff-su-0.6-lcc.arff,SVC,1.0,1.0,"[array([[842,   0],
       [  0, 784]], dtype=int64), array([[842,   0],
       [  0, 783]], dtype=int64), array([[842,   0],
       [  0, 783]], dtype=int64), array([[841,   0],
       [  0, 783]], dtype=int64), array([[841,   0],
       [  0, 783]], dtype=int64)]"
mushroom.arff-su-0.6-lcc.arff,naive_bayes,1.0,1.0,"[array([[842,   0],
       [  0, 784]], dtype=int64), array([[842,   0],
       [  0, 783]], dtype=int64), array([[842,   0],
       [  0, 783]], dtype=int64), array([[841,   0],
       [  0, 783]], dtype=int64), array([[841,   0],
       [  0, 783]], dtype=int64)]"
mushroom.arff-su-0.7-lcc.arff,SVC,1.0,1.0,"[array([[842,   0],
       [  0, 784]], dtype=int64), array([[842,   0],
       [  0, 783]], dtype=int64), array([[842,   0],
       [  0, 783]], dtype=int64), array([[841,   0],
       [  0, 783]], dtype=int64), array([[841,   0],
       [  0, 783]], dtype=int64)]"
mushroom.arff-su-0.7-lcc.arff,naive_bayes,1.0,1.0,"[array([[842,   0],
       [  0, 784]], dtype=int64), array([[842,   0],
       [  0, 783]], dtype=int64), array([[842,   0],
       [  0, 783]], dtype=int64), array([[841,   0],
       [  0, 783]], dtype=int64), array([[841,   0],
       [  0, 783]], dtype=int64)]"
mushroom.arff-su-0.8-lcc.arff,SVC,1.0,1.0,"[array([[842,   0],
       [  0, 784]], dtype=int64), array([[842,   0],
       [  0, 783]], dtype=int64), array([[842,   0],
       [  0, 783]], dtype=int64), array([[841,   0],
       [  0, 783]], dtype=int64), array([[841,   0],
       [  0, 783]], dtype=int64)]"
mushroom.arff-su-0.8-lcc.arff,naive_bayes,1.0,1.0,"[array([[842,   0],
       [  0, 784]], dtype=int64), array([[842,   0],
       [  0, 783]], dtype=int64), array([[842,   0],
       [  0, 783]], dtype=int64), array([[841,   0],
       [  0, 783]], dtype=int64), array([[841,   0],
       [  0, 783]], dtype=int64)]"
mushroom.arff-su-0.9-lcc.arff,SVC,1.0,1.0,"[array([[842,   0],
       [  0, 784]], dtype=int64), array([[842,   0],
       [  0, 783]], dtype=int64), array([[842,   0],
       [  0, 783]], dtype=int64), array([[841,   0],
       [  0, 783]], dtype=int64), array([[841,   0],
       [  0, 783]], dtype=int64)]"
mushroom.arff-su-0.9-lcc.arff,naive_bayes,1.0,1.0,"[array([[842,   0],
       [  0, 784]], dtype=int64), array([[842,   0],
       [  0, 783]], dtype=int64), array([[842,   0],
       [  0, 783]], dtype=int64), array([[841,   0],
       [  0, 783]], dtype=int64), array([[841,   0],
       [  0, 783]], dtype=int64)]"
mushroom.arff-su-1.0-lcc.arff,SVC,1.0,1.0,"[array([[842,   0],
       [  0, 784]], dtype=int64), array([[842,   0],
       [  0, 783]], dtype=int64), array([[842,   0],
       [  0, 783]], dtype=int64), array([[841,   0],
       [  0, 783]], dtype=int64), array([[841,   0],
       [  0, 783]], dtype=int64)]"
mushroom.arff-su-1.0-lcc.arff,naive_bayes,1.0,1.0,"[array([[842,   0],
       [  0, 784]], dtype=int64), array([[842,   0],
       [  0, 783]], dtype=int64), array([[842,   0],
       [  0, 783]], dtype=int64), array([[841,   0],
       [  0, 783]], dtype=int64), array([[841,   0],
       [  0, 783]], dtype=int64)]"
nova.arff-su-0.5-lcc.arff,SVC,0.8580387685290763,0.6675567423230975,"[array([[251,   0],
       [ 47,  53]], dtype=int64), array([[251,   0],
       [ 51,  49]], dtype=int64), array([[251,   0],
       [ 54,  46]], dtype=int64), array([[251,   0],
       [ 50,  50]], dtype=int64), array([[251,   0],
       [ 47,  52]], dtype=int64)]"
nova.arff-su-0.5-lcc.arff,naive_bayes,0.7155074116305588,0.0,"[array([[251,   0],
       [100,   0]], dtype=int64), array([[251,   0],
       [100,   0]], dtype=int64), array([[251,   0],
       [100,   0]], dtype=int64), array([[251,   0],
       [100,   0]], dtype=int64), array([[251,   0],
       [ 99,   0]], dtype=int64)]"
nova.arff-su-0.6-lcc.arff,SVC,0.8859749144811858,0.7493734335839599,"[array([[251,   0],
       [ 37,  63]], dtype=int64), array([[251,   0],
       [ 40,  60]], dtype=int64), array([[251,   0],
       [ 45,  55]], dtype=int64), array([[251,   0],
       [ 41,  59]], dtype=int64), array([[251,   0],
       [ 37,  62]], dtype=int64)]"
nova.arff-su-0.6-lcc.arff,naive_bayes,0.7155074116305588,0.0,"[array([[251,   0],
       [100,   0]], dtype=int64), array([[251,   0],
       [100,   0]], dtype=int64), array([[251,   0],
       [100,   0]], dtype=int64), array([[251,   0],
       [100,   0]], dtype=int64), array([[251,   0],
       [ 99,   0]], dtype=int64)]"
nova.arff-su-0.7-lcc.arff,SVC,0.9144811858608894,0.8231132075471698,"[array([[251,   0],
       [ 30,  70]], dtype=int64), array([[251,   0],
       [ 32,  68]], dtype=int64), array([[251,   0],
       [ 32,  68]], dtype=int64), array([[251,   0],
       [ 29,  71]], dtype=int64), array([[251,   0],
       [ 27,  72]], dtype=int64)]"
nova.arff-su-0.7-lcc.arff,naive_bayes,0.7155074116305588,0.0,"[array([[251,   0],
       [100,   0]], dtype=int64), array([[251,   0],
       [100,   0]], dtype=int64), array([[251,   0],
       [100,   0]], dtype=int64), array([[251,   0],
       [100,   0]], dtype=int64), array([[251,   0],
       [ 99,   0]], dtype=int64)]"
nova.arff-su-0.8-lcc.arff,SVC,0.942987457240593,0.888641425389755,"[array([[251,   0],
       [ 20,  80]], dtype=int64), array([[251,   0],
       [ 21,  79]], dtype=int64), array([[251,   0],
       [ 18,  82]], dtype=int64), array([[251,   0],
       [ 20,  80]], dtype=int64), array([[251,   0],
       [ 21,  78]], dtype=int64)]"
nova.arff-su-0.8-lcc.arff,naive_bayes,0.7155074116305588,0.0,"[array([[251,   0],
       [100,   0]], dtype=int64), array([[251,   0],
       [100,   0]], dtype=int64), array([[251,   0],
       [100,   0]], dtype=int64), array([[251,   0],
       [100,   0]], dtype=int64), array([[251,   0],
       [ 99,   0]], dtype=int64)]"
nova.arff-su-0.9-lcc.arff,SVC,0.9714937286202965,0.9472573839662447,"[array([[251,   0],
       [ 12,  88]], dtype=int64), array([[251,   0],
       [ 11,  89]], dtype=int64), array([[251,   0],
       [ 10,  90]], dtype=int64), array([[251,   0],
       [  9,  91]], dtype=int64), array([[251,   0],
       [  8,  91]], dtype=int64)]"
nova.arff-su-0.9-lcc.arff,naive_bayes,0.7765108323831242,0.35313531353135313,"[array([[251,   0],
       [ 74,  26]], dtype=int64), array([[251,   0],
       [ 79,  21]], dtype=int64), array([[251,   0],
       [ 75,  25]], dtype=int64), array([[251,   0],
       [ 81,  19]], dtype=int64), array([[251,   0],
       [ 83,  16]], dtype=int64)]"
nova.arff-su-1.0-lcc.arff,SVC,0.9903078677309008,0.9831849653808111,"[array([[245,   6],
       [  0, 100]], dtype=int64), array([[247,   4],
       [  1,  99]], dtype=int64), array([[247,   4],
       [  1,  99]], dtype=int64), array([[250,   1],
       [  0, 100]], dtype=int64), array([[251,   0],
       [  0,  99]], dtype=int64)]"
nova.arff-su-1.0-lcc.arff,naive_bayes,0.8255416191562144,0.5641025641025641,"[array([[248,   3],
       [ 52,  48]], dtype=int64), array([[250,   1],
       [ 67,  33]], dtype=int64), array([[250,   1],
       [ 58,  42]], dtype=int64), array([[251,   0],
       [ 62,  38]], dtype=int64), array([[251,   0],
       [ 62,  37]], dtype=int64)]"
spambase-disc.arff-su-0.5-lcc.arff,SVC,0.8259074114322973,0.7343283582089553,"[array([[541,  17],
       [146, 217]], dtype=int64), array([[536,  21],
       [130, 233]], dtype=int64), array([[543,  14],
       [140, 223]], dtype=int64), array([[532,  26],
       [145, 217]], dtype=int64), array([[541,  17],
       [145, 217]], dtype=int64)]"
spambase-disc.arff-su-0.5-lcc.arff,naive_bayes,0.8259074114322973,0.7343283582089553,"[array([[541,  17],
       [146, 217]], dtype=int64), array([[536,  21],
       [130, 233]], dtype=int64), array([[543,  14],
       [140, 223]], dtype=int64), array([[532,  26],
       [145, 217]], dtype=int64), array([[541,  17],
       [145, 217]], dtype=int64)]"
spambase-disc.arff-su-0.6-lcc.arff,SVC,0.8504672897196262,0.782416192283365,"[array([[537,  21],
       [116, 247]], dtype=int64), array([[533,  24],
       [103, 260]], dtype=int64), array([[539,  18],
       [113, 250]], dtype=int64), array([[530,  28],
       [118, 244]], dtype=int64), array([[537,  21],
       [126, 236]], dtype=int64)]"
spambase-disc.arff-su-0.6-lcc.arff,naive_bayes,0.8487285372745056,0.7815442561205274,"[array([[534,  24],
       [112, 251]], dtype=int64), array([[530,  27],
       [103, 260]], dtype=int64), array([[536,  21],
       [111, 252]], dtype=int64), array([[526,  32],
       [116, 246]], dtype=int64), array([[534,  24],
       [126, 236]], dtype=int64)]"
spambase-disc.arff-su-0.7-lcc.arff,SVC,0.8789393610084765,0.8459197786998617,"[array([[511,  47],
       [ 57, 306]], dtype=int64), array([[503,  54],
       [ 51, 312]], dtype=int64), array([[507,  50],
       [ 57, 306]], dtype=int64), array([[497,  61],
       [ 55, 307]], dtype=int64), array([[497,  61],
       [ 64, 298]], dtype=int64)]"
spambase-disc.arff-su-0.7-lcc.arff,naive_bayes,0.541621386655075,0.6317443687794657,"[array([[136, 422],
       [  0, 363]], dtype=int64), array([[148, 409],
       [  1, 362]], dtype=int64), array([[122, 435],
       [  1, 362]], dtype=int64), array([[143, 415],
       [  1, 361]], dtype=int64), array([[134, 424],
       [  1, 361]], dtype=int64)]"
spambase-disc.arff-su-0.8-lcc.arff,SVC,0.9061073679634862,0.8802660753880266,"[array([[522,  36],
       [ 45, 318]], dtype=int64), array([[510,  47],
       [ 42, 321]], dtype=int64), array([[514,  43],
       [ 46, 317]], dtype=int64), array([[511,  47],
       [ 33, 329]], dtype=int64), array([[524,  34],
       [ 59, 303]], dtype=int64)]"
spambase-disc.arff-su-0.8-lcc.arff,naive_bayes,0.7496196479026299,0.7531075867981141,"[array([[337, 221],
       [ 15, 348]], dtype=int64), array([[347, 210],
       [  4, 359]], dtype=int64), array([[336, 221],
       [ 12, 351]], dtype=int64), array([[339, 219],
       [ 10, 352]], dtype=int64), array([[333, 225],
       [ 15, 347]], dtype=int64)]"
spambase-disc.arff-su-0.9-lcc.arff,SVC,0.9326233427515758,0.9134561697375768,"[array([[529,  29],
       [ 33, 330]], dtype=int64), array([[529,  28],
       [ 35, 328]], dtype=int64), array([[531,  26],
       [ 37, 326]], dtype=int64), array([[534,  24],
       [ 28, 334]], dtype=int64), array([[532,  26],
       [ 44, 318]], dtype=int64)]"
spambase-disc.arff-su-0.9-lcc.arff,naive_bayes,0.7902629863073245,0.7836807890607487,"[array([[389, 169],
       [ 15, 348]], dtype=int64), array([[387, 170],
       [  2, 361]], dtype=int64), array([[371, 186],
       [ 16, 347]], dtype=int64), array([[362, 196],
       [ 15, 347]], dtype=int64), array([[379, 179],
       [ 17, 345]], dtype=int64)]"
spambase-disc.arff-su-1.0-lcc.arff,SVC,0.9506628993697023,0.9365389991613083,"[array([[539,  19],
       [ 36, 327]], dtype=int64), array([[537,  20],
       [ 19, 344]], dtype=int64), array([[541,  16],
       [ 27, 336]], dtype=int64), array([[539,  19],
       [ 18, 344]], dtype=int64), array([[543,  15],
       [ 38, 324]], dtype=int64)]"
spambase-disc.arff-su-1.0-lcc.arff,naive_bayes,0.8450336883286242,0.8287292817679558,"[array([[435, 123],
       [ 20, 343]], dtype=int64), array([[435, 122],
       [  7, 356]], dtype=int64), array([[413, 144],
       [ 20, 343]], dtype=int64), array([[428, 130],
       [ 15, 347]], dtype=int64), array([[452, 106],
       [ 26, 336]], dtype=int64)]"
sylva-10-disc.arff-su-0.5-lcc.arff,SVC,0.9718019257221459,0.7069102462271644,"[array([[2457,    0],
       [  68,   93]], dtype=int64), array([[2454,    2],
       [  80,   81]], dtype=int64), array([[2455,    1],
       [  70,   91]], dtype=int64), array([[2451,    5],
       [  73,   88]], dtype=int64), array([[2455,    1],
       [  69,   92]], dtype=int64)]"
sylva-10-disc.arff-su-0.5-lcc.arff,naive_bayes,0.9352743389882316,0.6430678466076696,"[array([[2313,  144],
       [   9,  152]], dtype=int64), array([[2300,  156],
       [  13,  148]], dtype=int64), array([[2287,  169],
       [   7,  154]], dtype=int64), array([[2291,  165],
       [   5,  156]], dtype=int64), array([[2285,  171],
       [   8,  153]], dtype=int64)]"
sylva-10-disc.arff-su-0.6-lcc.arff,SVC,0.9757756380865047,0.7625468164794007,"[array([[2457,    0],
       [  55,  106]], dtype=int64), array([[2453,    3],
       [  73,   88]], dtype=int64), array([[2447,    9],
       [  51,  110]], dtype=int64), array([[2449,    7],
       [  59,  102]], dtype=int64), array([[2454,    2],
       [  58,  103]], dtype=int64)]"
sylva-10-disc.arff-su-0.6-lcc.arff,naive_bayes,0.9342809108971419,0.6452145214521452,"[array([[2306,  151],
       [   4,  157]], dtype=int64), array([[2293,  163],
       [   8,  153]], dtype=int64), array([[2281,  175],
       [   4,  157]], dtype=int64), array([[2284,  172],
       [   4,  157]], dtype=int64), array([[2280,  176],
       [   3,  158]], dtype=int64)]"
sylva-10-disc.arff-su-0.7-lcc.arff,SVC,0.9863212593611493,0.8771448181194235,"[array([[2457,    0],
       [  30,  131]], dtype=int64), array([[2452,    4],
       [  36,  125]], dtype=int64), array([[2455,    1],
       [  32,  129]], dtype=int64), array([[2450,    6],
       [  29,  132]], dtype=int64), array([[2454,    2],
       [  39,  122]], dtype=int64)]"
sylva-10-disc.arff-su-0.7-lcc.arff,naive_bayes,0.9267155738957664,0.6249511145874072,"[array([[2282,  175],
       [   1,  160]], dtype=int64), array([[2261,  195],
       [   3,  158]], dtype=int64), array([[2258,  198],
       [   0,  161]], dtype=int64), array([[2263,  193],
       [   2,  159]], dtype=int64), array([[2264,  192],
       [   0,  161]], dtype=int64)]"
sylva-10-disc.arff-su-0.8-lcc.arff,SVC,0.988002445361455,0.8941335131490222,"[array([[2456,    1],
       [  25,  136]], dtype=int64), array([[2452,    4],
       [  31,  130]], dtype=int64), array([[2455,    1],
       [  31,  130]], dtype=int64), array([[2450,    6],
       [  24,  137]], dtype=int64), array([[2453,    3],
       [  31,  130]], dtype=int64)]"
sylva-10-disc.arff-su-0.8-lcc.arff,naive_bayes,0.9244230475317132,0.6177039041360649,"[array([[2277,  180],
       [   1,  160]], dtype=int64), array([[2255,  201],
       [   3,  158]], dtype=int64), array([[2252,  204],
       [   0,  161]], dtype=int64), array([[2256,  200],
       [   2,  159]], dtype=int64), array([[2258,  198],
       [   0,  161]], dtype=int64)]"
sylva-10-disc.arff-su-0.9-lcc.arff,SVC,0.9914412349075348,0.928388746803069,"[array([[2455,    2],
       [   9,  152]], dtype=int64), array([[2447,    9],
       [  18,  143]], dtype=int64), array([[2452,    4],
       [  18,  143]], dtype=int64), array([[2445,   11],
       [  15,  146]], dtype=int64), array([[2449,    7],
       [  19,  142]], dtype=int64)]"
sylva-10-disc.arff-su-0.9-lcc.arff,naive_bayes,0.8580162005196393,0.4608241439349971,"[array([[2127,  330],
       [   1,  160]], dtype=int64), array([[1974,  482],
       [   3,  158]], dtype=int64), array([[2136,  320],
       [   4,  157]], dtype=int64), array([[2101,  355],
       [   2,  159]], dtype=int64), array([[2096,  360],
       [   1,  160]], dtype=int64)]"
sylva-10-disc.arff-su-1.0-lcc.arff,SVC,0.9919761577258138,0.9346608587429994,"[array([[2448,    9],
       [   8,  153]], dtype=int64), array([[2440,   16],
       [  13,  148]], dtype=int64), array([[2450,    6],
       [  12,  149]], dtype=int64), array([[2442,   14],
       [   8,  153]], dtype=int64), array([[2450,    6],
       [  13,  148]], dtype=int64)]"
sylva-10-disc.arff-su-1.0-lcc.arff,naive_bayes,0.7676906617759438,0.3436960276338515,"[array([[1880,  577],
       [   0,  161]], dtype=int64), array([[1846,  610],
       [   2,  159]], dtype=int64), array([[1850,  606],
       [   4,  157]], dtype=int64), array([[1851,  605],
       [   0,  161]], dtype=int64), array([[1823,  633],
       [   3,  158]], dtype=int64)]"
